channel_name,tvg_id,match_type,suggested_id,suggested_score
ABC USA,ABC.National.Feed.us2,exact,,
AHC (American Heroes Channel),,,American.Heroes.Channel.-.Canada.ca2,0.882
Antenna TV USA,Antenna.TV.us2,manual_override,,
A&E USA,A.and.E.HD.East.us2,manual_override,,
AMC USA,AMC.HD.us2,exact,,
Animal Planet,AnimalPlanet.au,exact,,
Astro SuperSport 1,,,SuperSport.1.al,0.800
Astro SuperSport 2,,,SuperSport.2.al,0.800
Astro SuperSport 3,,,SuperSport.3.al,0.800
Astro SuperSport 4,,,SuperSport.4.al,0.800
Arena Sport 1 Premium,,,Arena.Sport.1.HD.(RS).rs,0.811
Arena Sport 2 Premium,,,Arena.Sport.2.HD.(RS).rs,0.811
Arena Sport 3 Premium,,,Arena.Sport.3.HD.(RS).rs,0.811
Arena Sport 1 Serbia,,,Arena.Sport.1.HD.(RS).rs,0.897
Arena Sport 2 Serbia,,,Arena.Sport.2.HD.(RS).rs,0.897
Arena Sport 3 Serbia,,,Arena.Sport.3.HD.(RS).rs,0.897
Arena Sport 4 Serbia,,,Arena.Sport.4.HD.(RS).rs,0.897
Arena Sport 1 Croatia,Arena.Sport.1.HD.hr,exact,,
Arena Sport 2 Croatia,Arena.Sport.2.HD.hr,exact,,
Arena Sport 3 Croatia,Arena.Sport.3.HD.hr,exact,,
Arena Sport 4 Croatia,Arena.Sport.4.HD.hr,exact,,
Alkass One,Alkass.One.HD.ae,exact,,
Alkass Two,Alkass.Two.HD.ae,exact,,
Alkass Three,Alkass.Three.ae,exact,,
Alkass Four,Alkass.Four.ae,exact,,
Arena Sport 1 BiH,,,,
Abu Dhabi Sports 1 UAE,,,en:.Abu.Dhabi.Sports.1.ae,0.923
Abu Dhabi Sports 2 UAE,,,en:.Abu.Dhabi.Sports.2.ae,0.923
Abu Dhabi Sports 1 Premium,,,,
Abu Dhabi Sports 2 Premium,,,,
Astro Cricket,Astro.Cricket.my,exact,,
Antena 3 Spain,Antena.3.es,exact,,
Arena Sports Tenis Serbia,,,,
ACC Network USA,ACC.Network.us2,exact,,
Adult Swim,Adult.Swim.HD.br,exact,,
A Sport PK,,,,
AXN Movies Portugal,AXN.Movies.HD.pt,exact,,
Arte DE,ARTE.de,exact,,
AXS TV USA,AXS.TV.us2,exact,,
ABC NY USA,,,,
Azteca 7 MX,,,,
Altitude Sports,Altitude.Sports.us2,exact,,
Azteca Uno MX,,,,
Arena Sport 5 Serbia,,,Arena.Sport.5.HD.(RS).rs,0.897
Arena Sport 6 Serbia,,,Arena.Sport.6.HD.(RS).rs,0.897
Arena Sport 7 Serbia,,,Arena.Sport.7.HD.(RS).rs,0.897
Arena Sport 8 Serbia,,,Arena.Sport.8.HD.(RS).rs,0.897
Arena Sport 9 Serbia,,,Arena.Sport.9.HD.(RS).rs,0.897
Arena Sport 10 Serbia,,,Arena.Sport.10.HD.(RS).rs,0.903
Arte France,Arte..fr,exact,,
Automoto La chaîne,Automoto.la.chaine.fr,exact,,
ATV Turkey,ATV.HD.tr,exact,,
A Spor Turkey,A.SPOR.tr,exact,,
beIN Sports MENA English 1,,,,
beIN Sports MENA English 2,,,,
beIN Sports 1 Arabic,,,,
beIN Sports 2 Arabic,,,,
beIN Sports 3 Arabic,,,,
beIN Sports 4 Arabic,,,,
beIN Sports 5 Arabic,,,,
beIN Sports 6 Arabic,,,,
beIN Sports 7 Arabic,,,,
beIN Sports 8 Arabic,,,,
beIN Sports 9 Arabic,,,,
beIN SPORTS XTRA 1,,,beINSportsXtra.au,0.941
beIN Sports MAX 4 France,beIN.SPORTS.MAX.4.fr,exact,,
beIN Sports MAX 5 France,beIN.SPORTS.MAX.5.fr,exact,,
beIN Sports MAX 6 France,beIN.SPORTS.MAX.6.fr,exact,,
beIN Sports MAX 7 France,beIN.SPORTS.MAX.7.fr,exact,,
beIN Sports MAX 8 France,beIN.SPORTS.MAX.8.fr,exact,,
beIN Sports MAX 9 France,beIN.SPORTS.MAX.9.fr,exact,,
beIN Sports MAX 10 France,beIN.SPORTS.MAX.10.fr,exact,,
beIN SPORTS 1 France,beIN.SPORTS.1.fr,exact,,
beIN SPORTS 2 France,beIN.SPORTS.2.fr,exact,,
beIN SPORTS 3 France,beIN.SPORTS.3.fr,exact,,
beIN SPORTS 1 Turkey,beIN.SPORTS.1.tr,exact,,
beIN SPORTS 2 Turkey,beIN.SPORTS.2.tr,exact,,
beIN SPORTS 3 Turkey,beIN.SPORTS.3.tr,exact,,
beIN SPORTS 4 Turkey,beIN.SPORTS.4.tr,exact,,
BeIN Sports HD Qatar,beIN.Sports.HD.ae,exact,,
BeIN SPORTS USA,beIN.Sports.USA.HD.us2,exact,,
beIN SPORTS en Espa単ol,,,beIN.Sports.En.Español.HD.us2,0.977
beIN SPORTS Australia 1,beINSports1.au,exact,,
beIN SPORTS Australia 2,beINSports2.au,exact,,
beIN SPORTS Australia 3,beINSports3.au,exact,,
Barca TV Spain,,,,
Benfica TV PT,,,,
Boomerang,Boomerang.Network.Canada.ca2,exact,,
BNT 1 Bulgaria,,,,
BNT 2 Bulgaria,,,,
BNT 3 Bulgaria,,,,
BR Fernsehen DE,,,,
bTV Bulgaria,bTV.bg,exact,,
bTV Action Bulgaria,bTV.Action.bg,exact,,
bTV Lady Bulgaria,,,,
BBC America (BBCA),,,BBC.America.HD.us2,0.815
BET USA,BET.HD.us2,exact,,
Bravo USA,Bravo.HD.us2,exact,,
BBC News Channel HD,BBC.News.HD.at,exact,,
BBC One UK,BBC.One.West.HD.uk,exact,,
BBC Two UK,BBC.Two.HD.uk,exact,,
BBC Three UK,BBC.Three.HD.uk,exact,,
BBC Four UK,BBC.Four.HD.uk,exact,,
BIG TEN Network (BTN USA),,,,
beIN Sports 1 Malaysia,beIN.SPORTS.1.my,exact,,
beIN Sports 2 Malaysia,beIN.SPORTS.2.my,exact,,
beIN Sports 3 Malaysia,beIN.SPORTS.3.my,exact,,
BFM TV France,BFM.TV.fr,exact,,
bein Sports 5 Turkey,,,beIN.SPORTS.1.tr,0.923
Bandsports Brasil,,,Band.Sports.br,0.952
Canal+ MotoGP France,,,,
Canal+ Formula 1,,,Canal.Telefórmula.mx,0.812
CW PIX 11 USA,,,,
CBS USA,CBS.West.us2,exact,,
Court TV USA,Court.TV.us2,exact,,
CW USA,CW.us2,exact,,
CNBC USA,CNBC.HD.us2,exact,,
Comedy Central,Comedy.Central.HD.at,exact,,
Cartoon Network,Cartoon.Network.HD.at,exact,,
CNN USA,CNN.HD.us2,exact,,
Cinemax USA,Cinemax.HD.us2,exact,,
Cuatro Spain,Cuatro.es,exact,,
Channel 4 UK,Channel.4.HD.uk,exact,,
Channel 5 UK,Channel.5.uk,exact,,
CBS Sports Network (CBSSN),,,,
Canal+ France,CANAL+.UHD.fr,exact,,
Canal+ Sport France,Canal+.Sport.fr,exact,,
Canal+ Foot France,Canal+.Foot.fr,exact,,
Canal+ Sport360,,,Canal+.Sport.360.ch,0.966
Canal 11 Portugal,Canal.11.HD.pt,exact,,
Canal+ Sport Poland,CANAL+.Sport.pl,exact,,
Canal+ Sport 2 Poland,CANAL+.Sport.2.HD.pl,exact,,
Canal+ Sport 3 Poland,CANAL+.Sport.3.HD.pl,exact,,
Canal+ Sport 5 Poland,CANAL+.Sport.5.pl,exact,,
Canal+ Premium Poland,CANAL+.PREMIUM.pl,exact,,
Canal+ Family Poland,CANAL+.Family.HD.pl,exact,,
Canal+ Seriale Poland,CANAL+.Seriale.pl,exact,,
Canal+ Sport 1 Afrique,,,,
Canal+ Sport 2 Afrique,,,,
Canal+ Sport 3 Afrique,,,,
Canal+ Sport 4 Afrique,,,,
Canal+ Sport 5 Afrique,,,,
CANAL 9 Denmark,Canal.9.dk,exact,,
Combate Brasil,Combate.br,exact,,
Cosmote Sport 1 HD,COSMOTE.Sport.1.HD.gr,exact,,
Cosmote Sport 2 HD,COSMOTE.Sport.2.HD.gr,exact,,
Cosmote Sport 3 HD,COSMOTE.Sport.3.HD.gr,exact,,
Cosmote Sport 4 HD,COSMOTE.Sport.4.HD.gr,exact,,
Cosmote Sport 5 HD,COSMOTE.Sport.5.HD.gr,exact,,
Cosmote Sport 6 HD,COSMOTE.Sport.6.HD.gr,exact,,
Cosmote Sport 7 HD,COSMOTE.Sport.7.HD.gr,exact,,
Cosmote Sport 8 HD,COSMOTE.Sport.8.HD.gr,exact,,
Cosmote Sport 9 HD,COSMOTE.Sport.9.HD.gr,exact,,
Channel 9 Israel,ערוץ.9.il,exact,,
Channel 10 Israe,,,,
Channel 11 Israel,כאן.11.il,exact,,
Channel 12 Israel,ערוץ.12.שידור.חי.il,exact,,
Channel 13 Israel,,,,
Channel 14 Israel,ערוץ.14.HD.il,exact,,
C More First Sweden,,,,
C More Hits Sweden,,,,
C More Series Sweden,,,,
COZI TV USA,COZI.TV.us2,exact,,
CMT USA,CMT.HD.us2,exact,,
CTV Canada,,,,
CTV 2 Canada,,,,
Crime+ Investigation USA,,,Crime.and.Investigation.Network.HD.us2,0.905
Comet USA,Comet.us2,exact,,
Cooking Channel USA,Cooking.Channel.HD.us2,exact,,
Cleo TV,Cleo.TV.HD.us2,exact,,
C SPAN 1,,,,
CBSNY USA,,,,
Chicago Sports Network,,,CHSN.Chicago.Sports.Network.us2,0.848
Citytv,CityTv.ca2,exact,,
CBC CA,,,,
Claro Sports MX,,,,
Canal5 MX,,,,
C8 France,,,,
CNews France,CNews.fr,exact,,
Canal+ Sport CZ,Canal.plus.Sport.CZ.cz,exact,,
CT Sport CZ,ČT.sport.cz,exact,,
Nova HD CZ,Nova.TV.cz,exact,,
CT1 HD CZ,ČT1.cz,exact,,
CT2 HD CZ,ČT2.cz,exact,,
TN Live CZ,,,,
OnePlay Sport 4 CZ,Oneplay.Sport.4.cz,exact,,
OnePlay MD2 CZ,,,,
OnePlay MD3 CZ,,,,
OnePlay MD4 CZ,,,,
Sport 1 CZ,,,Sport1.cz,0.923
Canal+ Sport 2 CZ,Canal.plus.Sport.2.cz,exact,,
Canal+ Sport 3 CZ,Canal+.Sport.3.cz,exact,,
Canal+ Sport 4 CZ,Canal+.Sport.4.cz,exact,,
Canal+ Sport 5 CZ,Canal.plus.Sport.5.cz,exact,,
Canal+ Sport 6 CZ,Canal.plus.Sport.6.cz,exact,,
Canal+ Sport 7 CZ,Canal+.Sport.7.cz,exact,,
Canal+ Sport 8 CZ,Canal+.Sport.8.cz,exact,,
JOJ SK,JOJ.HD.sk,exact,,
Dajto SK,DAJTO.HD.sk,exact,,
JOJ Šport SK,JOJ.ŠPORT.HD.sk,exact,,
Voyo Special 1 SK,,,,
Voyo Special 2 SK,,,,
Voyo Special 3 SK,,,,
Voyo Special 4 SK,,,,
Voyo Special 7 SK,,,,
Voyo Special 8 SK,,,,
Voyo Special 9 SK,,,,
Nova Sport 3 SK,Nova.Sport.3.HD.sk,exact,,
Nova Sport 4 SK,Nova.Sport.4.HD.sk,exact,,
Nova Sport 5 SK,Nova.Sport.5.HD.sk,exact,,
Canal+ Sport SK,CANAL+.Sport.HD.sk,exact,,
Canal+ Sport 2 SK,,,CANAL+.Sport.7.HD.sk,0.923
Canal+ Sport 3 SK,,,CANAL+.Sport.7.HD.sk,0.923
Canal+ Sport 4 SK,CANAL+.Sport.4.HD.sk,exact,,
CBS Sports Golazo,plex.tv.CBS.Sports.Golazo.Network.plex,exact,,
CMTV Portugal,CMTV.HD.pt,exact,,
Cytavision Sports 1 Cyprus,,,Cytavision.Sports.1HD.cy,0.950
Cytavision Sports 2 Cyprus,,,Cytavision.Sports.2HD.cy,0.950
Cytavision Sports 3 Cyprus,,,Cytavision.Sports.3HD.cy,0.950
Cytavision Sports 4 Cyprus,,,Cytavision.Sports.4HD.cy,0.950
Cytavision Sports 5 Cyprus,,,Cytavision.Sports.5HD.cy,0.950
Cytavision Sports 6 Cyprus,,,Cytavision.Sports.6HD.cy,0.950
Cytavision Sports 7 Cyprus,,,Cytavision.Sports.7HD.cy,0.950
DAZN 1 UK,,,,
Discovery Velocity CA,,,,
DAZN 1 Bar DE,,,,
DAZN 2 Bar DE,,,,
DAZN 1 Spain,DAZN.1.es,exact,,
DAZN 2 Spain,DAZN.2.es,exact,,
DAZN 3 Spain,DAZN.3.es,exact,,
DAZN 4 Spain,DAZN.4.es,exact,,
DAZN F1 ES,DAZN.F1.es,exact,,
DAZN LaLiga,DAZN.LALIGA.es,exact,,
DAZN Portugal FIFA Mundial de Clubes,,,,
DR1 Denmark,DR1.dk,exact,,
DR2 Denmark,DR2.dk,exact,,
DAZN Ligue 1 France,,,,
Digi Sport 1 Romania,Digi.Sport.1.ro,exact,,
Digi Sport 2 Romania,Digi.Sport.2.ro,exact,,
Digi Sport 3 Romania,Digi.Sport.3.ro,exact,,
Digi Sport 4 Romania,Digi.Sport.4.ro,exact,,
Diema Sport Bulgaria,Diema.Sport.HD.bg,exact,,
Diema Sport 2 Bulgaria,Diema.Sport.2.HD.bg,exact,,
Diema Sport 3 Bulgaria,Diema.Sport.3.bg,exact,,
Diema Bulgaria,,,,
Diema Family Bulgaria,,,,
Dubai Sports 1 UAE,Dubai.Sports.1.ae,exact,,
Dubai Sports 2 UAE,Dubai.Sports.2.ae,exact,,
Dubai Sports 3 UAE,,,Dubai.Sports.1.ae,0.929
Dubai Racing 2 UAE,Dubai.Racing.2.ae,exact,,
DSTV Mzansi Magic,,,Mzansi.Magic.HD.za,0.828
DSTV M-Net,,,,
DSTV kykNET & kie,,,KykNET.&.Kie.HD.za,0.800
DAZN ZONA Italy,,,,
Discovery Life Channel,Discovery.Life.pl,exact,,
Disney Channel,Disney+.at,exact,,
Discovery Channel,DiscoveryChannel.au,exact,,
Discovery Family,Discovery.Family.HD.ng,exact,,
Disney XD,Disney.XD.cz,exact,,
Destination America,Destination.America.HD.us2,exact,,
Disney JR,Disney.Jr..ro,exact,,
Dave,,,,
ESPN USA,ESPN.HD.us2,exact,,
ESPN2 USA,ESPN2.HD.us2,exact,,
ESPNU USA,ESPNU.HD.us2,exact,,
ESPN 1 NL,,,ESPN.2.nl,0.833
ESPN 2 NL,ESPN.2.nl,exact,,
Eleven Sports 1 Poland,Eleven.Sports.1.4K.pl,exact,,
Eleven Sports 2 Poland,Eleven.Sports.2.HD.pl,exact,,
Eleven Sports 3 Poland,Eleven.Sports.3.pl,exact,,
Eleven Sports 1 Portugal,,,,
Eleven Sports 2 Portugal,,,,
Eleven Sports 3 Portugal,,,,
Eleven Sports 4 Portugal,,,,
Eleven Sports 5 Portugal,,,,
EuroSport 1 Greece,Eurosport.1.HD.gr,exact,,
EuroSport 2 Greece,Eurosport.2.HD.gr,exact,,
EuroSport 1 Poland,Eurosport.1.pl,exact,,
EuroSport 2 Poland,Eurosport.2.pl,exact,,
Eurosport 1 SW,,,,
Eurosport 2 SW,,,,
Eurosport 1 NL,Eurosport.1.nl,exact,,
Eurosport 2 NL,Eurosport.2.nl,exact,,
EuroSport 1 Spain,,,Eurosport.2.es,0.909
EuroSport 2 Spain,Eurosport.2.es,exact,,
EuroSport 1 Italy,,,,
EuroSport 2 Italy,,,,
ESPN Premium Argentina,,,,
ESPN Brasil,ESPN.br,exact,,
ESPN2 Brasil,,,ESPN.2.br,0.909
ESPN3 Brasil,,,ESPN.3.br,0.909
ESPN4 Brasil,,,ESPN.4.br,0.909
ESPN Argentina,,,,
ESPN2 Argentina,,,,
ESPN Deportes,ESPN.Deportes.HD.us2,exact,,
ESPNews,ESPNEWS.HD.us2,exact,,
E! Entertainment Television,E!.Entertainment.Television.br,exact,,
E4 Channel,E4.ch,exact,,
ESPN 3 NL,ESPN.3.nl,exact,,
ERT 1 Greece,,,,
Eurosport 1 France,Eurosport.1..fr,exact,,
Eurosport 2 France,Eurosport.2.fr,exact,,
ESPN3 Argentina,,,,
ESPN 1 MX,,,,
ESPN 2 MX,,,,
ESPN 3 MX,,,,
ESPN 4 MX,,,,
FUSE TV USA,Fuse.HD.us2,exact,,
Fox Sports 1 USA,,,plex.tv.FOX.Sports.plex,0.909
Fox Sports 2 USA,,,plex.tv.FOX.Sports.plex,0.909
FOX Soccer Plus,Fox.Soccer.Plus.HD.us2,exact,,
Fox Cricket,FoxCricket.au,exact,,
FOX Deportes USA,Fox.Deportes.HD.us2,exact,,
FOX Sports 502 AU,,,FoxSports503.au,0.929
FOX Sports 503 AU,FoxSports503.au,exact,,
FOX Sports 504 AU,,,FoxSports503.au,0.929
FOX Sports 505 AU,FoxSports505.au,exact,,
FOX Sports 506 AU,FoxSports506.au,exact,,
FOX Sports 507 AU,,,FoxSports503.au,0.929
Fox Sports 1 MX,,,FOX.SPORTS.2.mx,0.917
Fox Sports 2 MX,FOX.SPORTS.2.mx,exact,,
Fox Sports 3 MX,FOX.SPORTS.3.mx,exact,,
Fox Sports Argentina,,,,
Fox Sports 2 Argentina,,,,
Fox Sports 3 Argentina,,,,
Fox Sports Premium MX,FOX.SPORTS.PREMIUM.mx,exact,,
FilmBox Premium Poland,FilmBox.Premium.HD.pl,exact,,
Fight Network,SK.Fight.(BIH).ba,exact,,
Fox Business,Fox.Business.it,exact,,
FOX HD Bulgaria,,,,
FOX USA,,,,
FX USA,FX.HD.us2,exact,,
FXX USA,FXX.HD.us2,exact,,
Freeform,Freeform.HD.us2,exact,,
Fox News,FOXNewsChannel.au,exact,,
FX Movie Channel,FX.Movie.Channel.HD.us2,exact,,
FYI,FYI.Channel.HD.us2,exact,,
Film4 UK,Film4.HD.uk,exact,,
Fashion TV,Fashion-TV.HD.at,exact,,
FETV - Family Entertainment Television,,,Family.Entertainment.Television.us2,0.925
FOXNY USA,,,,
Fox Weather Channel,Fox.Weather.us,exact,,
FanDuel Sports Network Arizona,,,FanDuel.Sports.Network.South-.Carolinas.us,0.870
FanDuel Sports Network Detroit,FanDuel.Sports.Network.Detroit.HD.us,exact,,
FanDuel Sports Network Florida,FanDuel.Sports.Network.Florida.us,exact,,
FanDuel Sports Network Great Lakes,FanDuel.Sports.Network.Great.Lakes.us,exact,,
FanDuel Sports Network Indiana,FanDuel.Sports.Indiana.us,exact,,
FanDuel Sports Network Kansas City,,,FanDuel.Sports.Midwest.-.Kansas.City.us,0.867
FanDuel Sports Network Midwest,,,FanDuel.Sports.Network.Midwest.St..Louis.us,0.830
FanDuel Sports Network New Orleans,FanDuel.Sports.New.Orleans.us,exact,,
FanDuel Sports Network North,FanDuel.Sports.Network.North.us,exact,,
FanDuel Sports Network Ohio,,,FanDuel.Sports.Network.North.us,0.872
FanDuel Sports Network Oklahoma,FanDuel.Sports.Network.Oklahoma.us,exact,,
FanDuel Sports Network SoCal,FanDuel.Sports.Network.SoCal.us,exact,,
FanDuel Sports Network South,FanDuel.Sports.Network.South.us,exact,,
FanDuel Sports Network Southeast,FanDuel.Sports.Network.Southeast.us,exact,,
FanDuel Sports Network Sun,Fanduel.Sports.Sun.HD.us,exact,,
FanDuel Sports Network West,FanDuel.Sports.Network.South.us,exact,,
FanDuel Sports Network Wisconsin,FanDuel.Sports.Network.Wisconsin.us,exact,,
France 2,France.2.fr,exact,,
France 3,France.3.fr,exact,,
France 4,France.4.fr,exact,,
France 5,France.5..fr,exact,,
GOL PLAY Spain,GOL.PLAY.es,exact,,
GOLF Channel USA,Golf.Channel.HD.us2,exact,,
Game Show Network,Game.Show.Network.ca2,exact,,
beIN SPORTS MAX AR,,,beIN.SPORTS.MAX.4.fr,0.914
Gold UK,U.and.Gold.uk,exact,,
Great American Family Channel (GAC),,,Great.American.Family.HD.us2,0.913
Galavisi贸n USA,,,,
Grit Channel,Grit.us2,exact,,
Globo SP,,,,
Globo RIO,,,,
Global CA,,,Global.BC.HD.ca2,0.800
The Hallmark Channel,Hallmark.Channel.HD.us2,exact,,
Hallmark Movies & Mysterie,,,plex.tv.Hallmark.Movies.&.More.plex,0.818
Heroes & Icons (H&I) USA,,,,
HBO USA,HBO.West.us2,exact,,
HBO Hits USA,HBO.Hits.us2,exact,,
HBO Comedy USA,HBO.Comedy.HD.us2,exact,,
HBO Family USA,,,,
HBO Latino USA,HBO.Latino.HD.us2,exact,,
HBO Drama USA,HBO.Drama.us2,exact,,
HBO Movies USA,HBO.Movies.us2,exact,,
HBO Poland,HBO.HD.pl,exact,,
History USA,History.HD.us2,exact,,
Headline News,Headline.News.in,exact,,
HGTV,HGTV.au,exact,,
Happy TV Serbia,,,,
HOT3 Israel,,,,
ITV 1 UK,,,ITV2+1.uk,0.800
ITV 2 UK,,,ITV2+1.uk,0.800
ITV 3 UK,,,ITV3+1.uk,0.800
ITV 4 UK,,,ITV4+1.uk,0.800
ITV Quiz,ITV.Quiz.uk,exact,,
Italia 1 Italy,Italia.1.it,exact,,
Investigation Discovery (ID USA),,,Investigation.Discovery.HD.us2,0.939
ION USA,plex.tv.ION.plex,exact,,
IFC TV USA,IFC.HD.us2,exact,,
Kanal 4 Denmark,Kanal.4.dk,exact,,
Kanal 5 Denmark,Kanal.5.dk,exact,,
Kabel Eins (Kabel 1) DE,,,,
Kanal D Turkey,KANAL.D.HD.tr,exact,,
LaLigaTV UK,,,,
Law & Crime Network,Law.&.Crime.distro,exact,,
LaLiga SmartBank TV,,,,
L'Equipe France,L'Equipe.fr,exact,,
La Sexta Spain,,,laSexta.es,0.933
Liverpool TV (LFC TV),,,,
Logo TV USA,Logo.us2,exact,,
Las Estrellas,Las.Estrellas.ch,exact,,
LCI France,LCI.fr,exact,,
Lifetime Network,Lifetime.br,exact,,
Lifetime Movies Network,,,ALL.Time.MOVIES.in,0.800
La7 Italy,LA7.HD.it,exact,,
LA7d HD+ Italy,LA7D.it,exact,,
Match Football 1 Russia,,,,
Match Football 2 Russia,,,,
Match Football 3 Russia,,,,
Match Premier Russia,,,,
Match TV Russia,,,,
МАТЧ! БОЕЦ Russia,,,,
Movistar Laliga,,,Canal.Movistar.LaLiga.sv,0.833
Movistar Liga de Campeones,,,,
Movistar Deportes Spain,Movistar.Deportes.es,exact,,
Movistar Deportes 2 Spain,Movistar.Deportes.2.es,exact,,
Movistar Deportes 3 Spain,,,Movistar.Deportes.2.es,0.947
Movistar Deportes 4 Spain,,,Movistar.Deportes.2.es,0.947
Movistar Golf Spain,Movistar.Golf.es,exact,,
Motowizja Poland,Motowizja.pl,exact,,
MSG USA,MSG.National.us2,exact,,
MSNBC,MSNBC.au,exact,,
Magnolia Network,Magnolia.Network.ca2,exact,,
M4 Sports Hungary,,,m4sport+.hu,0.875
Movistar Supercopa de España,,,,
MTV UK,MTV.HD.uk,exact,,
MTV USA,,,,
MUTV UK,MUTV.HD.uk,exact,,
M6 France,M6.fr,exact,,
Racer TV USA,RACER.Network.HD.us2,exact,,
Max Sport 1 Croatia,,,,
Max Sport 2 Croatia,,,,
Marquee Sports Network,Marquee.Sports.Network.HD.us2,exact,,
Max Sport 1 Bulgaria,MAX.Sport.1.bg,exact,,
Max Sport 2 Bulgaria,MAX.Sport.2.bg,exact,,
Max Sport 3 Bulgaria,MAX.Sport.3.bg,exact,,
Max Sport 4 Bulgaria,MAX.Sport.4.bg,exact,,
MLB Network USA,MLB.Network.HD.us2,exact,,
MASN USA,,,,
MY9TV USA,,,,
Discovery Turbo,DiscoveryTurbo.au,exact,,
METV USA,MeTV.Plus.us2,exact,,
MDR DE,MDR.de,exact,,
Mundotoro TV Spain,,,,
Monumental Sports Network,Monumental.Sports.Network.HD.us2,exact,,
MTV Denmark,MTV.dk,exact,,
MGM+ USA / Epix,,,,
NBC10 Philadelphia,,,,
NHL Network USA,NHL.Network.HD.us2,exact,,
NFL RedZone,NFL.RedZone.HD.us2,exact,,
Nova Sport Bulgaria,,,,
Nova Sport Serbia,,,,
Nova Sports 1 Greece,,,Novasports1.gr,0.917
Nova Sports 2 Greece,,,Novasports2.gr,0.917
Nova Sports 3 Greece,,,Novasports3.gr,0.917
Nova Sports 4 Greece,,,Novasports4.gr,0.917
Nova Sports 5 Greece,,,Novasports5.gr,0.917
Nova Sports 6 Greece,,,Novasports6.gr,0.917
Nova Sports Premier League Greece,,,Novasports.Premier.League..gr,0.980
Nova Sports Start Greece,,,Novasports.Start.gr,0.970
Nova Sports Prime Greece,,,Novasports.Prime.gr,0.970
Nova Sports News Greece,,,Novasports.News.gr,0.968
Nick Music,Nick.Music.(BIH).ba,exact,,
NESN USA,,,,
NBC USA,NBC.West.Stream.us2,exact,,
NBA TV USA,NBA.TV.HD.us2,exact,,
NBC Sports Philadelphia,NBC.Sports.Philadelphia.HD.us2,exact,,
NFL Network,NFL.Dummy.us,exact,,
NBC Sports Bay Area,NBC.Sports.Bay.Area.HD.us2,exact,,
NBC Sports Boston,NBC.Sports.Boston.HD.us2,exact,,
NBC Sports California,NBC.Sports.California.SAT.us2,exact,,
NBCNY USA,,,,
Nova TV Bulgaria,,,,
Nova S Serbia,,,NOVA.S.HD.(RS).rs,0.800
NewsNation USA,NewsNation.us2,exact,,
National Geographic (NGC),,,National.Geographic.Now.dk,0.857
NICK JR,NickJr.au,exact,,
NICK,Nick.co,exact,,
Nicktoons,Nicktoons.at,exact,,
NDR DE,NDR.de,exact,,
Newsmax USA,Newsmax.TV.HD.us2,exact,,
Nat Geo Wild USA,,,,
Noovo CA,Noovo.ca2,exact,,
NBC Universo,,,UNIVERSO.HD.us2,0.800
NOW TV Turkey,NOW.tr,exact,,
Nova Sport 1 CZ,Nova.Sport.1.cz,exact,,
Nova Sport 2 CZ,Nova.Sport.2.cz,exact,,
Nova Sport 3 CZ,Nova.Sport.3.cz,exact,,
Nova Sport 4 CZ,Nova.Sport.4.cz,exact,,
Nova Sport 5 CZ,Nova.Sport.5.cz,exact,,
Nova Sport 6 CZ,Nova.Sport.6.cz,exact,,
OnTime Sports,,,On.Time.Sports.HD.ae,0.963
ONE 1 HD Israel,,,,
ONE 2 HD Israel,,,,
Orange Sport 1 Romania,,,,
Orange Sport 2 Romania,,,,
Orange Sport 3 Romania,,,,
Orange Sport 4 Romania,,,,
Oprah Winfrey Network (OWN),,,Oprah.Winfrey.Network.HD.us2,0.867
Oxygen True Crime,Oxygen.True.Crime.HD.ca2,exact,,
Outdoor Channel USA,Outdoor.Channel.HD.us2,exact,,
Oneplay Sport 1 CZ,Oneplay.Sport.1.cz,exact,,
Oneplay Sport 2 CZ,Oneplay.Sport.2.cz,exact,,
Oneplay Sport 3 CZ,Oneplay.Sport.3.cz,exact,,
Polsat Poland,Polsat.HD.pl,exact,,
Polsat Sport Poland,Polsat.Sport.pl,exact,,
Polsat Sport 2 Poland,,,Polsat.Sport.pl,0.923
Polsat Sport 3 Poland,,,Polsat.Sport.pl,0.923
Polsat News Poland,Polsat.News.pl,exact,,
Polsat Film Poland,Polsat.Film.HD.pl,exact,,
Porto Canal Portugal,Porto.Canal.HD.pt,exact,,
ProSieben (PRO7) DE,,,,
Premier Sports Ireland 1,Premier.Sports.1.HD.ie,exact,,
PTV Sports,PTV.Sports.pk,exact,,
PDC TV,,,,
Premier Brasil,,,,
Prima Sport 1,Prima.Sport.1.HD.ro,exact,,
Prima Sport 2,Prima.Sport.2.HD.ro,exact,,
Prima Sport 3,Prima.Sport.3.ro,exact,,
Prima Sport 4,Prima.Sport.4.ro,exact,,
Paramount Network,Paramount.Channel.br,exact,,
POP TV USA,POP.HD.us2,exact,,
Premier Sports Ireland 2,Premier.Sports.2.HD.ie,exact,,
Prima TV RO,Prima.TV.HD.ro,exact,,
Premier Sport 1 CZ,Premier.Sport.1.cz,exact,,
Premier Sport 2 CZ,Premier.Sport.2.cz,exact,,
Premier Sport 3 CZ,Premier.Sport.3.cz,exact,,
Pac-12 Network USA,,,,
PBS USA,PBS.Stream.us2,exact,,
Reelz Channel,,,Rebel.cz,0.800
RTE 1,,,Arte.1.br,0.909
RTE 2,,,RTÉ.2FM.uk,0.833
RMC Sport 1 France,RMC.Sport.1.fr,exact,,
RMC Sport 2 France,RMC.Sport.Live.2.fr,exact,,
RMC Story France,RMC.Story.fr,exact,,
RTP 1 Portugal,RTP.1.HD.pt,exact,,
RTP 2 Portugal,RTP.2.HD.pt,exact,,
RTP 3 Portugal,,,RTP.1.HD.pt,0.800
Rai 1 Italy,,,,
Rai 2 Italy,,,,
Rai 3 Italy,,,,
Canale 5 Italy,Canale.5.it,exact,,
Rai Sport Italy,,,RaiSport.it,0.941
Rai Premium Italy,,,RaiPremium.it,0.952
Real Madrid TV Spain,Real.Madrid.TV.es,exact,,
RTL DE,RTL.de,exact,,
RDS CA,,,,
RDS 2 CA,,,,
RDS Info CA,,,,
Ring Bulgaria,,,,
RTL7 Netherland,,,,
Racing Tv UK,Racing.TV.uk,exact,,
Rally Tv,Rally.TV.de,exact,,
Root Sports Northwest,Root.Sports.Northwest.Plus.us2,exact,,
Sky Sports Football UK,Sky.Sports.Football.HD.uk,exact,,
Sky Sports+ Plus,Sky.Sports+.Dummy.us,exact,,
Sky Sports Action UK,,,SkySp.Action.uk,0.828
Sky Sports Main Event,Sky.Sports.Main.Event.HD.ie,exact,,
Sky Sports Tennis UK,,,SkySp.Tennis.HD.uk,0.828
Sky sports Premier League,Sky.Sports.Premier.League.HD.ie,exact,,
Sky Sports F1 UK,,,Sky.Sports.NFL.uk,0.889
Sky Sports Cricket,Sky.Sports.Cricket.HD.ie,exact,,
Sky Sports Golf UK,,,Sky.Sports.NFL.uk,0.828
Sky Sports 1 DE,,,Sky.Sport.1.de,0.957
Sky Sports 2 DE,,,Sky.Sport.2.de,0.957
Sky Sports Golf Italy,,,Sky.Sport.Golf.it,0.966
Sky Sport MotoGP Italy,Sky.Sport.MotoGP.it,exact,,
Sky Sport Tennis Italy,Sky.Sport.Tennis.it,exact,,
Sky Sport F1 Italy,Sky.Sport.F1.it,exact,,
Sky Sports News UK,,,Sky.Sports.NFL.uk,0.828
Sky Sports MIX UK,,,,
Sky Sport Top Event DE,Sky.Sport.Top.Event.de,exact,,
Sky Sport Mix DE,Sky.Sport.Mix.de,exact,,
Sky Sport Bundesliga 1 HD,Sky.Sport.Bundesliga.1.de,exact,,
Sky Sport Austria 1 HD,Sky.Sport.Austria.1.at,exact,,
SportsNet New York (SNY),,,SNY.SportsNet.New.York.HD.us2,0.818
Sky Sport MAX Italy,Sky.Sport.Max.it,exact,,
Sky Sport UNO Italy,Sky.Sport.Uno.it,exact,,
Sky Sport Arena Italy,Sky.Sport.Arena.it,exact,,
Sky Sports Racing UK,,,SkySp.Racing.HD.uk,0.828
Sky UNO Italy,Sky.Uno.it,exact,,
SONY TEN 1,Sony.Ten.1.HD.in,exact,,
SONY TEN 2,Sony.Ten.2.HD.in,exact,,
SONY TEN 3,,,Sony.Ten.5.HD.in,0.900
Sky Sport Bundesliga 2,Sky.Sport.Bundesliga.2.de,exact,,
Sky Sport Bundesliga 3,Sky.Sport.Bundesliga.3.de,exact,,
Sky Sport Bundesliga 4,Sky.Sport.Bundesliga.4.de,exact,,
Sky Sport Bundesliga 5,Sky.Sport.Bundesliga.5.de,exact,,
Sport en France,Sport.en.France.fr,exact,,
Starz Cinema,Starz.Cinema.HD.us2,exact,,
Starz Comedy,Starz.Comedy.HD.us2,exact,,
Starz Edge,Starz.Edge.HD.us2,exact,,
Starz In Black,Starz.in.Black.HD.us2,exact,,
Starz Kids & Family,,,,
Starz Encore,Starz.Encore.HD.us2,exact,,
Starz Encore Action,Starz.Encore.Action.HD.us2,exact,,
Starz Encore Black,Starz.Encore.Black.us2,exact,,
Starz Encore Classic,Starz.Encore.Classic.us2,exact,,
Starz Encore Family,Starz.Encore.Family.SD.us2,exact,,
Starz Encore Suspense,Starz.Encore.Suspense.us2,exact,,
Starz Encore Westerns,Starz.Encore.Westerns.SD.us2,exact,,
Spectrum SportsNet USA,,,Spectrum.SportsNet.Lakers.HD.us2,0.837
Canal+ Extra 1 Poland,CANAL+.EXTRA.1.HD.pl,exact,,
Canal+ Extra 2 Poland,CANAL+.EXTRA.2.HD.pl,exact,,
Canal+ Extra 3 Poland,CANAL+.EXTRA.3.HD.pl,exact,,
Canal+ Extra 4 Poland,CANAL+.EXTRA.4.HD.pl,exact,,
Canal+ Extra 5 Poland,CANAL+.EXTRA.5.HD.pl,exact,,
Canal+ Extra 6 Poland,CANAL+.EXTRA.6.HD.pl,exact,,
Canal+ Extra 7 Poland,CANAL+.EXTRA.7.HD.pl,exact,,
MTV Poland,MTV.Germany.pl,exact,,
Polsat Sport Premium 1 Super HD PL,,,Polsat.Sport.Premium.1.pl,0.880
Polsat Sport Premium 2 Super HD PL,,,Polsat.Sport.Premium.2.pl,0.880
Polsat Sport Extra 1 HD Poland,,,Polsat.Sport.Extra.pl,0.947
Polsat Sport Extra 2 HD Poland,,,Polsat.Sport.Extra.pl,0.947
Polsat Sport Extra 3 HD Poland,,,Polsat.Sport.Extra.pl,0.947
Polsat Sport Extra 4 HD Poland,,,Polsat.Sport.Extra.pl,0.947
Polsat Sport Fight HD Poland,Polsat.Sport.Fight.pl,exact,,
Polsat Sport NEWS HD Poland,Polsat.Sport.News.HD.pl,exact,,
Eleven Sports 4 Poland,Eleven.Sports.4.pl,exact,,
Sky Sport 1 NZ,Sky.Sport.1.nz,exact,,
Sky Sport 2 NZ,Sky.Sport.2.nz,exact,,
Sky Sport 3 NZ,Sky.Sport.3.nz,exact,,
Sky Sport 4 NZ,Sky.Sport.4.nz,exact,,
Sky Sport 5 NZ,Sky.Sport.5.nz,exact,,
Sky Sport 6 NZ,Sky.Sport.6.nz,exact,,
Sky Sport 7 NZ,Sky.Sport.7.nz,exact,,
Sky Sport 8 NZ,Sky.Sport.8.nz,exact,,
Sky Sport 9 NZ,Sky.Sport.9.nz,exact,,
Sky Sport Select NZ,Sky.Sport.Select.nz,exact,,
Sport TV1 Portugal,SPORT.TV1.HD.pt,exact,,
Sport TV2 Portugal,SPORT.TV2.HD.pt,exact,,
Sport TV4 Portugal,SPORT.TV4.HD.pt,exact,,
Sport TV3 Portugal,SPORT.TV3.HD.pt,exact,,
Sport TV5 Portugal,SPORT.TV5.HD.pt,exact,,
Sport TV6 Portugal,,,SPORT.TV1.HD.pt,0.889
SIC Portugal,SIC.HD.pt,exact,,
SEC Network USA,SEC.Network.HD.us2,exact,,
SporTV Brasil,SporTV.br,exact,,
SporTV2 Brasil,,,SporTV.2.br,0.933
SporTV3 Brasil,,,SporTV.3.br,0.933
Sport Klub 1 Croatia,,,,
Sport Klub 2 Croatia,,,,
Sport Klub 3 Croatia,,,,
Sport Klub 4 Croatia,,,,
Sport Klub HD Croatia,,,,
Sportsnet Ontario,Sportsnet.Ontario.HD.ca2,exact,,
Sportsnet One,Sportsnet.One.HD.ca2,exact,,
Sportsnet West,Sportsnet.East.HD.ca2,exact,,
Sportsnet East,Sportsnet.East.HD.ca2,exact,,
Sportsnet 360,Sportsnet.360.HD.ca2,exact,,
Sportsnet World,Sportsnet.World.HD.ca2,exact,,
SuperSport Grandstand,,,,
SuperSport PSL,,,SuperSport.1.al,0.846
SuperSport Premier league,,,Sky.Sport.Premier.League.at,0.857
SuperSport LaLiga,,,,
SuperSport Variety 1,,,,
SuperSport Variety 2,,,,
SuperSport Variety 3,,,,
SuperSport Variety 4,,,,
SuperSport Action,,,,
SuperSport Rugby,,,,
SuperSport Golf,,,SuperSport.1.al,0.815
SuperSport Tennis,,,,
SuperSport Motorsport,,,,
Supersport Football,,,V.Sport.Football.fi,0.800
SuperSport Cricket,,,,
SuperSport MaXimo 1,,,,
Sporting TV Portugal,Sporting.TV.HD.pt,exact,,
SportDigital Fussball,SPORTDIGITAL.FUSSBALL.HD.at,exact,,
Spectrum Sportsnet LA,,,Spectrum.SportsNet.Lakers.HD.us2,0.913
Sportdigital1+ Germany,SportDigital1+.de,exact,,
Sport1 Germany,SPORT1.de,exact,,
S4C UK,S4C.HD.uk,exact,,
Sport KLUB Golf Croatia,,,,
SAT.1 DE,SAT.1.de,exact,,
Sky Cinema Premiere UK,,,,
Sky Cinema Select UK,Sky.Cinema.Select.uk,exact,,
Sky Cinema Hits UK,Sky.Cinema.Hits.HD.uk,exact,,
Sky Cinema Greats UK,,,Sky.Cinema.Hits.HD.uk,0.812
Sky Cinema Animation UK,,,,
Sky Cinema Family UK,,,,
Sky Cinema Action UK,,,,
Sky Cinema Comedy UK,Sky.Cinema.Comedy.uk,exact,,
Sky Cinema Thriller UK,,,,
Sky Cinema Drama UK,,,,
Sky Cinema Sci-Fi Horror UK,,,,
Showtime SHOxBET USA,,,,
SEE Denmark,See.dk,exact,,
Sky Cinema Collection Italy,Sky.Cinema.Collection.it,exact,,
Sky Cinema Uno Italy,Sky.Cinema.Uno.it,exact,,
Sky Cinema Action Italy,Sky.Cinema.Action.it,exact,,
Sky Cinema Comedy Italy,Sky.Cinema.Comedy.it,exact,,
Sky Cinema Uno +24 Italy,Sky.Cinema.Uno.+24.it,exact,,
Sky Cinema Romance Italy,Sky.Cinema.Romance.it,exact,,
Sky Cinema Family Italy,Sky.Cinema.Family.it,exact,,
CW Philly,,,,
Sky Cinema Drama Italy,Sky.Cinema.Drama.it,exact,,
8Sky Cinema Suspense Italy,,,Sky.Cinema.Suspense.it,0.974
Sky Sport 24 Italy,Sky.Sport.24.it,exact,,
Sky Sport Calcio Italy,Sky.Sport.Calcio.it,exact,,
Sky Calcio 1 (251) Italy,,,Sky.Calcio.11..261.it,0.909
Sky Calcio 2 (252) Italy,,,,
Sky Calcio 3 (253) Italy,,,,
Sky Calcio 4 (254) Italy,,,,
Sky Sport Basket Italy,,,Sky.Sport.NBA.it,0.828
Sky Serie Italy,Sky.Serie.it,exact,,
StarzPlay CricLife 1 HD,,,en:.STARZPLAY.Cricket.1.ae,0.810
Sky Showcase UK,,,,
Sky Arts UK,Sky.Arts.HD.uk,exact,,
Sky Comedy UK,Sky.Comedy.HD.uk,exact,,
Sky Crime,Sky.Crime.at,exact,,
Sky History,Sky.History.HD.ie,exact,,
Sky MAX UK,,,Sky.Mix.HD.uk,0.857
SSC Sport 1,,,Sky.Sport.1.at,0.818
SSC Sport 2,,,S.SPORT.2.tr,0.900
SSC Sport 3,,,Sky.Sport.3.at,0.818
SSC Sport 4,,,Sky.Sport.4.at,0.818
SSC Sport 5,,,Sky.Sport.5.at,0.818
SSC Sport Extra 1,,,,
SSC Sport Extra 2,,,,
SSC Sport Extra 3,,,,
Sport 1 Israel,,,,
Sport 2 Israel,,,,
Sport 3 Israel,,,,
Sport 4 Israel,,,,
Sport 5 Israel,,,,
Sport 5 PLUS Israel,,,,
Sport 5 Live Israel,,,,
Sport 5 Star Israel,,,,
Sport 5 Gold Israel,,,,
Science Channel,India.Science.in,exact,,
Showtime USA,,,Showtime.2.HD.us2,0.889
Starz,Starz.HD.us2,exact,,
Sky Witness HD,Sky.Witness.HD.ie,exact,,
Sixx DE,sixx.de,exact,,
Sky Atlantic,Sky.Atlantic.at,exact,,
SYFY USA,Syfy.HD.us2,exact,,
Sundance TV,Sundance.TV.cz,exact,,
SWR DE,,,,
SUPER RTL DE,SUPER.RTL.de,exact,,
SR Fernsehen DE,,,,
Sky Sports Golf DE,,,Sky.Sport.Golf.de,0.966
Smithsonian Channel,Smithsonian.Channel.ca2,exact,,
Sky Sports F1 DE,,,Sky.Sport.F1.de,0.960
Sky Sports Tennis DE,,,Sky.Sport.Tennis.de,0.970
SBS6 NL,SBS6.nl,exact,,
SEE Denmark (2),,,,
Star Sports 1 IN,,,STAR.SPORTS.1.HINDI.in,0.914
Star Sports Hindi IN,,,Star.Sports.Hindi.1.in,0.923
Showtime 2 USA (SHO2) USA,,,Showtime.2.HD.us2,0.800
Showtime Showcase USA,Showtime.Showcase.HD.us2,exact,,
Showtime Extreme USA,Showtime.Extreme.HD.us2,exact,,
Showtime Family Zone (SHO Family Zone) USA,,,,
Showtime Next (SHO Next) USA,,,,
Showtime Women USA,Showtime.Women.HD.us2,exact,,
Space City Home Network,Space.City.Home.Network.HD.us2,exact,,
SportsNet Pittsburgh,SportsNet.Pittsburgh.HD.us2,exact,,
Show TV Turkey,SHOW.TV.HD.tr,exact,,
Star TV Turkey,STAR.TV.HD.tr,exact,,
TNT Sports 1 UK,TNT.Sports.1.HD.uk,exact,,
TNT Sports 2 UK,TNT.Sports.2.HD.uk,exact,,
TNT Sports 3 UK,TNT.Sports.3.HD.uk,exact,,
TNT Sports 4 UK,TNT.Sports.4.HD.uk,exact,,
TSN1,TSN1.mt,exact,,
TSN2,TSN2.mt,exact,,
TSN3,TSN3.mt,exact,,
TSN4,TSN4.mt,exact,,
TSN5,TSN5.mt,exact,,
TVN HD Poland,TVN.HD.pl,exact,,
TVN24 Poland,,,TVN.24.pl,0.909
TVP1 Poland,,,,
TVP2 Poland,,,,
Telecinco Spain,Telecinco.es,exact,,
TVE La 1 Spain,,,,
TVE La 2 Spain,,,,
TVI Portugal,TVI.HD.pt,exact,,
TVI Reality Portugal,TVI.Reality.HD.pt,exact,,
Teledeporte Spain (TDP),,,Teledeporte.es,0.846
TYC Sports Argentina,,,,
TVP Sport Poland,TVP.Sport.pl,exact,,
TNT Brasil,TNT.br,exact,,
TNT Sports Argentina,,,,
TNT Sports HD Chile,,,,
Tennis Channel,Tennis.Dummy.us,exact,,
Ten Sports PK,,,TNT.Sports.1.HD.ie,0.800
TUDN USA,TUDN.us2,exact,,
Telemundo,Telemundo.co,exact,,
TBS USA,TBS.HD.us2,exact,,
TLC,TLC.HD.at,exact,,
TNT USA,TNT.HD.us2,exact,,
TF1 France,TF1.fr,exact,,
TVA Sports,TVA.Sports.HD.ca2,exact,,
TVA Sports 2,TVA.Sports.2.HD.ca2,exact,,
TVC Deportes MX,,,Canal.TVC.Deportes.mx,0.800
TUDN MX,,,,
TMC France,TMC.fr,exact,,
Travel Channel,TravelChannel.au,exact,,
TruTV USA,truTV.HD.us2,exact,,
TVLAND,,,,
TCM USA,,,,
TMC Channel USA,,,,
The Food Network,FoodNetwork.au,exact,,
The Weather Channel,The.Weather.Network.Canada.HD.ca2,exact,,
TVP INFO,TVP.Info.ch,exact,,
TeenNick,TeenNick.(pl).cz,exact,,
TV ONE USA,TV.ONE.HD.us2,exact,,
TV2 Bornholm Denmark,,,TV.2/Bornholm.dk,0.909
TV2 Sport X Denmark,,,TV.2.Sport.X.dk,0.900
TV3 Sport Denmark,TV3.SPORT.dk,exact,,
TV2 Sport Denmark,,,TV3.SPORT.dk,0.889
TV2 Denmark,,,,
TV2 Zulu,,,,
TV3+ Denmark,TV3.dk,exact,,
TVO CA,TVO.ca2,exact,,
TV8 Turkey,TV8.HD.tr,exact,,
TV4 Hockey,,,,
TV3 Max Denmark,TV3.MAX.dk,exact,,
T Sports BD,,,T.Sports.7.th,0.857
TV4 Tennis,,,,
TV4 Motor,,,,
TV4 Sport Live 1,,,V.Sport.1.fi,0.900
TV4 Sport Live 2,,,V.Sport.Live.2.fi,0.900
TV4 Sport Live 3,,,V.Sport.Live.3.fi,0.900
TV4 Sport Live 4,,,V.Sport.Live.4.fi,0.900
TV4 Sportkanalen,,,[SPORTK].TV4.Sportkanalen.se,0.821
TV4 Football Sweden,,,,
Tennis+ 10,,,plex.tv.Tennis.Channel.2.plex,0.824
Tennis+ 12,,,plex.tv.Tennis.Channel.2.plex,0.941
TRT Spor TR,,,TRT.Spor.al,0.842
USA Network,,,,
Universal Kids USA,,,Universal.Movies.us2,0.800
Univision,Univision.Canada.ca2,exact,,
Unimas,UniMas.us2,exact,,
Viaplay Sports 1 UK,,,,
Viaplay Sports 2 UK,,,,
Vamos Spain,,,M+.Vamos.es,0.833
V Film Premiere,V.film.premiere.dk,exact,,
V Film Family,V.film.family.dk,exact,,
Vodafone Sport,,,,
V Sport Motor Sweden,,,,
VH1 USA,VH1.HD.us2,exact,,
Veronica NL Netherland,,,,
VTV+ Uruguay,,,,
VICE TV,plex.tv.VICE.plex,exact,,
Willow Cricket,Willow.Cricket.HD.us2,exact,,
Willow 2 Cricket,,,Willow.Cricket.HD.us2,0.933
WWE Network,WWE.Network.my,exact,,
Win Sports+ Columbia,,,,
WETV USA,,,,
WDR DE,WDR.de,exact,,
W9 France,W9.fr,exact,,
YTV CA,YTV.HD.ca2,exact,,
YES Network USA,Yes.Network.us2,exact,,
Yes Movies Action Israel,,,,
Yes Movies Kids Israel,,,,
Yes Movies Comedy Israel,,,,
Yes TV CA,,,,
Ziggo Sport NL,Ziggo.Sport.nl,exact,,
Ziggo Sport 2 NL,Ziggo.Sport.2.nl,exact,,
Ziggo Sport 3 NL,Ziggo.Sport.3.nl,exact,,
Ziggo Sport 4 NL,Ziggo.Sport.4.nl,exact,,
Ziggo Sport 5 NL,Ziggo.Sport.5.nl,exact,,
Ziggo Sport 6 NL,Ziggo.Sport.6.nl,exact,,
ZDF DE,ZDF.de,exact,,
ZDF Info DE,,,ZDFinfo.de,0.933
6ter France,6ter.fr,exact,,
20 Mediaset Italy,,,,
6'eren Denmark,6'eren.dk,exact,,
5 USA,,,,
3sat DE,3sat.de,exact,,
18+ (Player-01),,,,
18+ (Player-02),,,,
18+ (Player-03),,,,
18+ (Player-04),,,,
18+ (Player-05),,,,
18+ (Player-06),,,,
18+ (Player-07),,,,
18+ (Player-08),,,,
18+ (Player-09),,,,
18+ (Player-10),,,,
18+ (Player-11),,,,
18+ (Player-12),,,,
18+ (Player-13),,,,
18+ (Player-14),,,,
18+ (Player-15),,,,
18+ (Player-16),,,,
18+ (Player-17),,,,
18+ (Player-18),,,,
18+ (Player-19),,,,
18+ (Player-20),,,,
